employee_id,first_name,last_name,salary,department,rank
2616,Borden,Varcoe,75,Support,45
2101,Fern,Tenbrug,11,Services,34
2889,Daveta,Costanza,87,Research and Development,1
2492,Pierette,Wardell,32,Marketing,95
2411,Lacee,Golds,59,Sales,19
2698,Angelique,Terrelly,50,Business Development,41
2216,Raf,Karpov,12,Product Management,12
2737,Dur,Polin,56,Legal,70
2920,Ximenez,Blabie,12,Services,59
2869,Spence,Willans,68,Sales,68
2925,Eydie,Boichat,6,Product Management,25
2287,Marylinda,Eccles,87,Product Management,28
2012,Cordie,Tullot,19,Accounting,84
2974,Bogey,Geard,85,Product Management,31
2328,Lorilyn,Bucham,79,Research and Development,80
2357,Grace,Rasch,52,Human Resources,84
2308,Lana,McNirlan,6,Product Management,9
2849,Rudie,McCrea,99,Sales,2
2019,Manfred,Delahunt,18,Marketing,53
2574,Carola,Deveral,42,Marketing,91
2556,Anetta,Kalinovich,76,Services,35
2988,Marris,Leedes,77,Support,57
2118,Fancie,Dade,100,Human Resources,5
2187,Codee,Wyldbore,71,Services,98
2529,Moss,Huniwall,96,Marketing,41
2859,Anselm,Clamo,14,Human Resources,71
2545,Osbourn,Finan,85,Research and Development,19
2272,Kylynn,Eisig,18,Services,75
2708,Chaim,Kuzemka,97,Legal,2
2359,Morie,Wilkenson,26,Accounting,58
2707,Dinnie,Perell,4,Sales,59
2395,Normy,Gillingwater,9,Product Management,77
2970,Edan,Colaton,20,Accounting,55
2842,Carrol,Boxer,24,Product Management,87
2250,Ashby,Riditch,70,Product Management,18
2139,Giovanna,Geeves,4,Services,71
2680,Liane,Eudall,50,Accounting,56
2363,Taylor,Leonard,83,Training,57
2376,Nobie,Dmiterko,4,Sales,89
2218,Salvidor,Coite,5,Legal,83
2909,Land,Headingham,20,Marketing,6
2169,Delano,Foystone,96,Business Development,67
2252,Junina,Pigram,95,Services,7
2051,Stephi,Dudeney,14,Business Development,59
2292,Raynard,Mackney,73,Product Management,63
2566,Kilian,Faivre,30,Accounting,83
2754,Lida,Cockshot,64,Support,68
2900,Delcina,Le Strange,25,Human Resources,42
2803,Bettine,Danieli,23,Business Development,12
2505,Shawna,Lambertson,93,Legal,91
2146,Drusi,Sumbler,39,Research and Development,66
2919,Virgie,Ricarde,66,Training,44
2310,Mabelle,Ghilardini,41,Training,57
2933,Aldridge,Seage,97,Research and Development,30
2341,Adora,Mattaus,38,Training,13
2424,Irita,Kiossel,27,Support,44
2883,Rickert,Yerlett,27,Legal,9
2049,Odette,Fillingham,33,Human Resources,67
2480,Marget,Doughty,84,Human Resources,25
2922,Harwilll,Le Fevre,3,Research and Development,10
2568,Carey,Sylett,57,Marketing,87
2456,Stanton,McIlwrath,68,Support,1
2834,Siegfried,Gaskarth,42,Sales,25
2486,Nathalie,Spincke,16,Research and Development,94
2566,Trent,Gino,32,Legal,61
2213,Page,Benning,50,Business Development,41
2695,Celestyn,Paolillo,2,Legal,76
2668,Adolphe,Spilling,80,Business Development,41
2591,Nadya,Lorente,68,Support,51
2044,Leshia,Normavill,93,Legal,88
2908,Guillermo,de Cullip,47,Support,38
2099,Beckie,Livesley,94,Research and Development,15
2397,Nonna,Jerzak,54,Sales,38
2671,Rubetta,Danbye,12,Services,48
2367,Aile,Ondrousek,2,Product Management,63
2293,Northrup,Witherden,23,Marketing,48
2336,Abner,Stove,35,Legal,10
2848,Cindy,Corinton,60,Sales,50
2718,Artemus,Papa,21,Human Resources,4
2348,Odie,Szymonowicz,42,Support,7
2141,Hugues,Hadenton,3,Marketing,47
2737,Page,Edis,21,Training,71
2337,Coreen,Retchford,5,Support,36
2066,Damiano,Hodgin,30,Legal,62
2945,Emera,Ponten,96,Legal,52
2379,Constance,Ruby,63,Engineering,83
2806,Alfred,Roantree,2,Training,29
2913,Howard,Amar,29,Legal,91
2984,Janek,Gostridge,6,Sales,4
2604,Marv,Craft,51,Marketing,92
2835,Dell,Vaggs,9,Research and Development,51
2485,Leonid,Jansey,86,Business Development,91
2534,Royce,Magson,39,Support,49
2748,Darrell,Devenport,87,Support,8
2971,Kimberlee,Robotham,75,Sales,17
2327,Farleigh,Radoux,84,Support,10
2050,Lissie,Philpotts,43,Engineering,98
2749,Rutter,Delafont,32,Legal,83
2174,Harmon,Sneyd,46,Support,78
2248,Trescha,Penlington,90,Engineering,43
2309,Abbie,Biagini,95,Services,58
2772,Cecilio,MacCrackan,28,Product Management,26
2040,Briny,Roddell,26,Business Development,99
2201,Kari,Coom,61,Marketing,81
2900,Patti,Tookill,8,Legal,37
2260,Corny,Glassford,63,Support,71
2490,Fitz,Bodemeaid,63,Support,74
2421,Verile,MacScherie,20,Sales,63
2378,Kip,Wycliffe,71,Product Management,29
2226,Felicle,Glover,25,Product Management,88
2006,Willie,Rowlings,25,Legal,60
2308,Claudetta,Beetles,83,Legal,85
2193,Zacharias,Mellody,28,Sales,8
2168,Evered,Raulin,70,Research and Development,100
2249,Amy,Jeannaud,98,Engineering,7
2230,Heather,Madden,7,Marketing,71
2144,Candida,Reimers,57,Engineering,72
2915,Haven,Casterot,62,Accounting,64
2596,Sioux,Tippin,98,Sales,72
2546,Maridel,Klimmek,30,Legal,82
2546,Tibold,Cantrell,80,Human Resources,56
2822,Laney,Pretorius,21,Human Resources,93
2441,Blisse,Gorke,28,Marketing,34
2273,Clint,Lehrahan,14,Engineering,48
2610,Jelene,Garratt,38,Marketing,28
2235,Breena,Orae,46,Product Management,88
2502,Thorin,Mallen,28,Business Development,63
2778,Gabriele,Danielczyk,63,Research and Development,71
2354,Willy,Bezley,31,Legal,94
2954,Elwira,Bigg,8,Research and Development,36
2220,Noam,Chastang,25,Training,23
2274,Filippa,Stygall,12,Product Management,29
2430,Susanna,Jelks,19,Business Development,83
2032,Jackelyn,Loveguard,19,Business Development,71
2743,Sammy,Sprake,2,Engineering,32
2072,Ermanno,Bradbrook,86,Sales,43
2004,Cassy,Kairns,4,Sales,27
2731,Ada,Wrassell,62,Legal,65
2494,Babb,McTurley,11,Sales,40
2038,Blayne,Cuxson,48,Support,57
2083,Hubert,Wellwood,96,Marketing,56
2874,Price,Rominov,15,Engineering,39
2864,Tiphani,Collcott,95,Human Resources,21
2084,Briano,Gouge,70,Services,85
2384,Aprilette,Levermore,57,Support,100
2424,Olly,Elnor,87,Support,94
2008,Spense,Epsley,83,Services,55
2237,Arne,MacKain,7,Product Management,79
2192,Pasquale,Yankishin,64,Engineering,40
2358,Rudolph,Sunley,66,Business Development,27
2476,Drusilla,Kowalski,89,Product Management,16
2157,Braden,Eggerton,50,Legal,93
2190,Fiona,Mayler,84,Research and Development,49
2119,Fanchon,Doodson,87,Training,93
2437,Beatrix,Newbold,41,Marketing,45
2067,Susi,Wallis,12,Support,75
2482,Dosi,Dufore,25,Support,45
2036,Fenelia,Fawdery,6,Legal,93
2668,Alvira,Birkwood,3,Legal,39
2438,Haydon,Iaduccelli,16,Accounting,97
2366,Georgena,Loving,62,Services,64
2266,Thibaut,Gough,50,Accounting,40
2431,Berton,Phython,30,Product Management,53
2181,Kaela,Kelling,79,Engineering,96
2575,Jereme,Scorer,14,Support,34
2039,Garrek,Drews,96,Marketing,24
2107,Duff,Stoving,2,Research and Development,43
2722,Kiersten,Marien,17,Support,53
2546,Quintin,Waistall,30,Legal,32
2038,Shalna,Hedan,29,Engineering,81
2800,Ky,Tewnion,76,Legal,29
2995,Ulrica,Tracy,75,Product Management,66
2566,Hermie,Condie,30,Sales,60
2557,Micheil,Kingston,30,Sales,34
2654,Cherye,Statefield,18,Marketing,36
2002,Verile,Gell,41,Engineering,70
2521,Enriqueta,McBryde,34,Training,6
2631,Darrel,Callard,26,Marketing,98
2551,Matthiew,Autrie,40,Business Development,77
2776,Desiree,Beaumont,28,Marketing,14
2770,Maurine,Selvey,50,Business Development,75
2909,Abbott,Human,33,Business Development,96
2093,Sheela,Bernadon,86,Accounting,4
2323,Sheilakathryn,Spaxman,100,Legal,6
2656,Elizabeth,Rolingson,74,Services,64
2796,Leonie,Lynnitt,8,Legal,66
2388,Raviv,Rowley,9,Support,11
2486,Cletus,Johananoff,98,Legal,93
2027,Tricia,Stygall,100,Support,88
2069,Hamil,Downing,33,Engineering,33
2696,Jobie,Fossick,45,Research and Development,24
2908,Adoree,Kensit,3,Research and Development,64
2001,Ike,Hewell,66,Marketing,56
2168,Skipp,de Courcy,64,Human Resources,40
2898,Gaspard,Oakland,37,Training,49
2493,Phip,Perrygo,15,Sales,91
2583,Jolene,Cordes,30,Human Resources,15
2378,Wally,Pleasance,20,Marketing,42
2451,Phillida,Rix,67,Engineering,72
2966,Westleigh,Mosdell,17,Marketing,72
2771,Leonelle,Delves,8,Support,81
2038,Lory,Gatward,45,Training,41
2736,Fairleigh,Randle,24,Research and Development,22
2815,Melonie,Doncom,31,Support,39
2660,Alyosha,Rossey,73,Training,12
2427,Pippa,Jobbins,29,Engineering,6
2940,Emlynne,Duffitt,9,Business Development,62
2525,Gram,Upstone,1,Accounting,80
2479,Rosco,McBay,97,Product Management,48
2398,Prue,Springate,80,Sales,78
2371,Jarred,Simo,46,Legal,94
2842,Liv,Carlucci,54,Accounting,82
2826,Massimo,Bernon,68,Support,52
2868,Daren,Palfrie,44,Support,46
2017,Dionysus,Juett,98,Training,76
2576,Whitney,Beecroft,58,Product Management,64
2091,Shantee,Southcoat,78,Product Management,56
2794,Ichabod,Yaus,14,Marketing,84
2424,Nickola,Deakan,12,Accounting,82
2421,Joeann,Vellacott,2,Training,75
2023,Rabbi,Rawnsley,71,Research and Development,24
2343,Nanon,Cowe,72,Sales,50
2091,Nannie,Eusden,9,Engineering,84
2468,Lannie,Yeo,88,Training,36
2021,Davin,Philipp,8,Services,96
2129,Arlyne,Abbitt,83,Product Management,87
2436,Guthrey,Tregoning,49,Legal,3
2695,Karissa,Addyman,92,Research and Development,60
2277,Natal,Gwynn,43,Legal,28
2408,Chico,Liveing,91,Engineering,77
2895,Korney,Bevington,34,Research and Development,82
2168,Luisa,Bodell,46,Product Management,89
2901,Suzie,Greger,14,Accounting,50
2528,Samaria,Sibray,100,Services,80
2872,Johnathan,Stockney,68,Engineering,80
2826,Austina,Stooke,87,Training,12
2704,Fabio,Kitchener,50,Human Resources,57
2705,Skippie,Fears,92,Product Management,29
2205,Garland,Christy,51,Legal,44
2576,Carita,Wagner,48,Sales,3
2664,Laney,Killough,91,Legal,77
2693,Valli,Goodboddy,80,Product Management,97
2050,Maiga,Obin,31,Accounting,36
2105,Cthrine,Foyster,7,Research and Development,64
2517,Odilia,Dauber,79,Marketing,25
2314,Correy,Crop,13,Engineering,54
2011,Dian,Curneen,96,Accounting,59
2215,Payton,Basilio,22,Accounting,83
2265,Rusty,Colloff,62,Support,39
2782,Koral,Doret,50,Legal,90
2369,Kendrick,Davidman,69,Human Resources,29
2259,Ruddy,Arangy,26,Legal,83
2351,Adrea,Cassells,88,Sales,47
2913,Ase,Letts,96,Product Management,13
2064,Mirabel,Smyth,75,Services,92
2870,Ernesto,Isacsson,41,Human Resources,23
2442,Claudina,Karadzas,47,Services,25
2073,Avrom,Jerram,78,Sales,56
2830,Adella,Diggins,5,Engineering,31
2185,Rem,Fairbrass,91,Services,35
2319,Mayor,Vasenkov,63,Legal,6
2124,Lazarus,Dignan,49,Legal,60
2503,Marc,Mulford,4,Product Management,43
2030,Doralin,Brownfield,75,Marketing,26
2789,Vite,Frisby,26,Product Management,48
2595,Juanita,Pail,28,Training,48
2438,Derward,Abbate,10,Research and Development,22
2150,Hedwiga,Iacomelli,61,Research and Development,75
2195,Eugene,Hasnney,62,Engineering,56
2028,Kathryne,Ryam,5,Sales,65
2248,Casie,Hasselby,51,Accounting,14
2663,Ray,Poure,24,Marketing,49
2889,Sarine,Tansly,64,Marketing,53
2082,Camellia,Thorn,47,Product Management,40
2720,Meriel,Ridde,12,Services,25
2404,Lucita,Popland,61,Research and Development,51
2514,Murray,Kettles,83,Services,29
2572,Alfy,Cabell,94,Marketing,31
2538,Rhodie,Speck,90,Product Management,11
2707,Charlotta,Chese,40,Sales,84
2053,Riannon,Creedland,14,Product Management,96
2438,Cirstoforo,Schuster,4,Product Management,37
2634,Jody,Jirzik,65,Legal,72
2890,Marlane,Nequest,8,Research and Development,96
2855,Meg,Saxon,17,Marketing,95
2830,Dorolisa,MacKey,90,Research and Development,53
2423,Webster,Blondelle,96,Research and Development,66
2109,Jarad,Lyngsted,72,Human Resources,53
2167,Delphinia,Brahms,18,Support,49
2192,Trip,Rolinson,83,Business Development,24
2533,Hana,Godding,71,Legal,32
2249,Annabelle,Burke,42,Services,18
2732,Alyss,Ludmann,30,Legal,57
2659,Chane,Dorkens,75,Legal,7
2264,Rachael,Furmage,78,Services,83
2989,Chelsie,Snazle,19,Training,17
2263,Dacy,Goundsy,43,Engineering,13
2791,Gerrie,McIntee,30,Engineering,12
2254,Nadya,Sitlinton,74,Services,74
2903,Marsiella,Brasseur,95,Legal,72
2246,Sandro,Lantuffe,26,Marketing,1
2711,Nanny,Hopkins,40,Services,3
2420,Brenna,Bottinelli,56,Services,18
2995,Kathe,Budget,43,Marketing,86
2711,Broddie,Sinnott,70,Support,90
2200,Oswald,Plewes,46,Sales,38
2915,Adey,Boggers,6,Training,65
2166,Raddie,Laville,60,Support,48
2483,Dionisio,Cullagh,17,Engineering,68
2216,Berta,Abadam,37,Sales,67
2652,Townie,Jemison,67,Research and Development,2
2508,Alphonso,Ivimy,53,Legal,43
2676,Rawley,Shillabear,22,Services,93
2701,Hamlen,Yakushkev,16,Marketing,49
2218,Edmund,Ledner,65,Accounting,85
2049,Nadeen,Allridge,75,Product Management,98
2380,Corinna,Banasevich,42,Sales,25
2220,Asher,Averall,13,Human Resources,55
2577,Whit,Dehmel,4,Legal,78
2622,Ailyn,Lucks,13,Accounting,85
2950,Cicely,Loraine,13,Product Management,54
2900,Reinaldo,Oakwell,36,Product Management,91
2736,Richmound,Verdie,30,Legal,7
2348,Carita,Willicott,20,Legal,65
2032,Hadleigh,Clutheram,65,Engineering,90
2258,Maggi,Brashier,24,Training,34
2893,Francklin,Stanmore,22,Training,69
2060,Janeva,Richarz,55,Engineering,31
2528,Torey,Pilbury,61,Legal,84
2884,Alvin,Goane,56,Training,56
2536,Roshelle,Ronaghan,25,Marketing,68
2648,Bennie,Kippax,10,Training,83
2270,Audra,Calow,5,Training,59
2009,Inger,Shortcliffe,88,Support,64
2469,Der,Gallichan,14,Product Management,73
2791,Christi,Willans,28,Legal,89
2489,Willetta,Sydney,9,Training,52
2134,Marcel,Boas,14,Accounting,52
2295,Francisco,Stammer,72,Research and Development,23
2512,Ephrayim,Van Daalen,18,Support,28
2821,Trip,Sadler,58,Sales,87
2135,Fraze,Suddell,70,Sales,5
2166,Robena,Lavrinov,16,Engineering,67
2028,Daniella,Widdall,60,Training,30
2768,Laurianne,Donovin,27,Services,60
2313,Tabby,Goodright,55,Research and Development,75
2427,Fairlie,Jiru,88,Sales,79
2916,Ashia,Daoust,56,Engineering,18
2048,Rica,Frisch,37,Business Development,98
2441,Gleda,Shoreman,34,Product Management,85
2730,Liana,Jiroutka,80,Training,61
2718,Tessie,Sellors,81,Research and Development,20
2089,Dedie,Fust,24,Business Development,3
2239,Seward,Ogglebie,23,Support,87
2199,Phillipp,Esherwood,34,Business Development,36
2358,Moss,Swiggs,43,Human Resources,56
2496,Garner,Freer,10,Services,22
2079,Pegeen,Peart,81,Business Development,70
2751,Derrek,Towlson,17,Marketing,32
2732,Jerry,Paskins,8,Services,29
2164,Duffie,Sandbatch,32,Business Development,32
2633,Koren,Sulman,32,Marketing,63
2413,Chalmers,Mouget,15,Accounting,75
2382,Clara,Horsburgh,28,Marketing,25
2646,Candy,Whitcomb,33,Legal,14
2848,Emile,Lorenzetto,21,Training,41
2577,Alyosha,Geoghegan,98,Accounting,74
2390,Gerry,Brimman,87,Accounting,36
2603,Odey,Frail,96,Legal,78
2964,Mozes,Dimitrov,75,Services,80
2868,Ilka,Battison,58,Product Management,80
2148,Glenn,Duffett,32,Legal,93
2648,Darin,Colcomb,10,Support,56
2858,Shirline,Myerscough,69,Product Management,90
2308,Franciskus,Clemoes,21,Marketing,13
2993,Madelaine,Badcock,73,Legal,83
2321,Sena,O' Culligan,26,Marketing,23
2694,Marney,Eve,61,Training,26
2045,Coop,Ashbrook,94,Legal,46
2074,Corrinne,Trevenu,31,Human Resources,44
2335,Leroy,Vieyra,66,Legal,6
2918,Aggie,Yaakov,77,Legal,54
2317,Kass,Turmall,41,Engineering,53
2440,Nert,Ledeker,60,Research and Development,21
2811,Cristal,Snowden,55,Training,90
2726,Carma,Reichardt,26,Services,89
2431,Laurella,Wager,75,Training,86
2818,Carroll,Pestridge,60,Training,73
2010,Welsh,Ashcroft,85,Human Resources,16
2533,Lanae,Vasilyevski,36,Support,49
2398,Cassie,Scrange,82,Engineering,74
2595,Broddy,Dorkens,24,Training,11
2586,Zachariah,Bernhart,61,Training,48
2338,Chen,McConnachie,74,Services,50
2449,Moises,Olivera,84,Legal,93
2737,Bride,Tumasian,69,Support,33
2654,Mathe,Eastway,12,Services,15
2882,Arlyn,Verdun,100,Training,97
2883,Risa,Hattersley,51,Sales,96
2661,Cara,Cray,31,Sales,41
2013,Anet,Holdforth,78,Support,56
2556,Rubie,Buckie,66,Accounting,18
2512,Currey,Emlen,35,Training,66
2244,Jemima,Arthars,66,Sales,28
2853,Trueman,Kopisch,34,Support,76
2585,Jimmy,Patise,15,Accounting,75
2816,Hillie,Dursley,12,Services,32
2332,Stewart,Gleadle,5,Services,31
2429,Rozamond,Boyles,77,Sales,76
2489,Giulio,Flanagan,78,Research and Development,55
2487,Cayla,Mussolini,40,Training,47
2046,Pia,Mersh,87,Research and Development,31
2565,Paten,Najafian,27,Marketing,48
2664,Oswald,Horsell,59,Human Resources,22
2591,Zelig,Tabram,40,Product Management,33
2451,Billye,Oager,80,Research and Development,38
2053,Lexi,Grinnov,4,Engineering,39
2903,Vanna,Axcell,13,Engineering,65
2920,Griffith,Joiner,63,Business Development,18
2950,Pablo,Benbow,46,Accounting,77
2062,Daniel,Tuxill,100,Accounting,80
2961,Bobina,Shorthill,48,Research and Development,10
2294,Bastien,Di Baudi,41,Business Development,64
2256,Iormina,Goodhand,28,Support,5
2446,Arlee,Dymock,65,Services,80
2504,Ailey,Duddridge,34,Support,66
2826,Brewer,Haselgrove,86,Sales,17
2855,Ches,Bodemeaid,36,Human Resources,20
2614,Kurtis,Stockney,69,Product Management,9
2272,Elane,Wayt,10,Support,52
2342,Pierrette,Hannigane,24,Services,51
2859,Niko,Boaler,5,Accounting,46
2096,Reggi,Fortnum,83,Research and Development,47
2456,Brianna,Fleisch,14,Engineering,28
2557,Teodoro,Sponton,85,Marketing,46
2023,Stanwood,Haddeston,83,Human Resources,68
2344,Germaine,Vittle,63,Sales,90
2320,Xena,Terney,88,Services,44
2156,Auroora,Ilewicz,54,Services,5
2390,Zed,McGilvray,66,Business Development,4
2793,Jerrold,Worsam,82,Business Development,13
2840,Esmaria,Brownlie,65,Sales,64
2667,Conrado,Firmin,82,Support,26
2911,Lorraine,Hildrew,59,Engineering,19
2302,Callean,Antushev,26,Sales,97
2026,Marybeth,Eagles,71,Support,77
2120,Starlene,Mathelon,63,Product Management,82
2923,Leonie,Winston,99,Marketing,73
2703,Desiree,Sinyard,14,Training,6
2554,Fania,McNulty,66,Human Resources,48
2519,Rochelle,Cammock,61,Human Resources,59
2600,Barry,Hadwen,66,Human Resources,68
2414,Joann,Heenan,71,Accounting,33
2141,Aylmer,Ray,85,Human Resources,41
2593,Catina,Nodin,56,Legal,88
2366,Thom,Loffhead,28,Sales,72
2742,Ludovika,Scutchin,57,Marketing,15
2501,Inga,Cretney,49,Product Management,21
2503,Sena,Bartolini,30,Accounting,61
2740,Georg,Kasperski,10,Product Management,4
2252,Bartie,Bownde,11,Marketing,95
2410,Hilton,Kirtland,19,Research and Development,86
2605,Conchita,Crossthwaite,36,Product Management,38
2932,Asher,Labba,40,Product Management,28
2614,Thorpe,Van T'Hoog,47,Business Development,28
2949,Meade,Tenman,30,Services,3
2838,Teresa,Hupka,75,Sales,8
2180,Jessalyn,Kubiak,44,Human Resources,99
2453,Aarika,Colleton,57,Accounting,46
2943,Shanna,Cory,12,Business Development,63
2657,Trevar,Gommey,17,Marketing,88
2201,Samson,Simecek,14,Business Development,83
2898,Mallory,Jedryka,86,Research and Development,42
2331,Earlie,Gofton,94,Legal,88
2995,Dwight,Kerbey,62,Accounting,34
2109,Florance,Schinetti,73,Business Development,93
2531,Daryl,Coxhead,33,Accounting,84
2842,Silvio,Tythacott,35,Legal,63
2238,Stavros,Penberthy,83,Marketing,41
2054,Benedikta,Caren,7,Human Resources,80
2944,Marita,Blackadder,33,Research and Development,61
2591,Chlo,Bednell,79,Training,56
2249,Carney,Skittrell,44,Sales,25
2461,Maritsa,Craythorne,99,Training,27
2163,Elsy,MacAiline,98,Business Development,81
2505,Ellerey,Ferfulle,75,Legal,89
2977,Hadlee,Latus,42,Services,71
2394,Arther,Kolin,96,Services,25
2216,Nalani,Florez,62,Human Resources,51
2920,Pinchas,Koenraad,9,Product Management,35
2925,Cobby,Curcher,87,Training,68
2503,Efrem,Lowdes,82,Engineering,29
2551,Knox,Bottby,25,Services,7
2660,Ronnie,Burras,34,Support,38
2575,Gussie,Jakobssen,97,Business Development,36
2695,Gael,Yon,19,Business Development,89
2438,Jemima,Steptoe,31,Business Development,82
2765,Alwyn,Allchorne,67,Research and Development,65
2816,Marya,Ferriby,8,Human Resources,97
2843,Correy,Glitherow,11,Research and Development,97
2809,Beltran,Milsap,69,Services,84
2666,Lars,Cross,67,Services,3
2336,Orel,Belchamber,39,Legal,17
2944,Lory,Cleyne,71,Research and Development,26
2586,Carlina,Hallums,91,Support,39
2807,Babs,Pepperill,4,Support,54
2205,Sigrid,Watkiss,48,Sales,18
2193,Burgess,Dewi,96,Services,5
2527,Purcell,Manus,10,Marketing,48
2428,Antonia,Stubbs,83,Accounting,48
2510,Glad,Worledge,74,Accounting,39
2241,Delcina,Halbard,21,Legal,82
2175,Poppy,Torrie,27,Support,30
2388,Darcey,Pear,93,Product Management,89
2730,Minnnie,Champkin,58,Product Management,94
2229,Haily,Lints,87,Business Development,94
2864,Theadora,Velte,87,Product Management,34
2782,Maryjo,Aspling,62,Services,63
2121,Britni,Adenet,43,Engineering,71
2626,Heida,Dumphreys,37,Services,9
2817,Harley,Forrester,81,Legal,11
2696,Tana,Ubsdell,52,Legal,26
2910,Kellia,Adlard,89,Services,85
2704,Mady,MacAiline,45,Support,19
2373,Sean,Happer,6,Training,43
2419,Charla,Done,45,Engineering,28
2762,Orly,Gozzard,94,Training,85
2320,Clifford,Becom,41,Human Resources,34
2027,Eolanda,Stait,46,Support,58
2350,Kimberlyn,Blundin,82,Marketing,73
2257,Nance,Dunne,72,Support,52
2727,Donalt,Yourell,92,Legal,64
2821,Arly,Krochmann,17,Product Management,5
2817,Beret,Elcoat,88,Sales,20
2419,Gib,Roylance,28,Services,64
2256,Chantal,Croughan,18,Accounting,99
2111,Othello,Blaxley,5,Business Development,73
2245,Meris,Fearey,69,Human Resources,52
2783,Richmound,Duddan,85,Human Resources,9
2038,Vittorio,Di Nisco,75,Research and Development,76
2970,Jenifer,Jarratt,25,Product Management,40
2350,Brooke,Polak,96,Marketing,33
2780,Worth,Ashall,84,Support,65
2009,Goober,O'Neary,82,Product Management,40
2038,Mabel,Zapata,54,Research and Development,1
2345,Lamar,Grantham,41,Research and Development,82
2318,Johnna,Crayker,36,Accounting,81
2748,Bradney,Summerley,38,Services,5
2327,Morley,Shambrooke,28,Product Management,2
2843,Jammie,Lindbergh,10,Product Management,43
2006,Regine,Luebbert,20,Training,4
2043,Tera,Gallahue,96,Business Development,91
2767,Isabel,Mattedi,4,Engineering,94
2051,Wallis,Bernhardt,84,Support,23
2454,Ed,Hargrove,18,Accounting,92
2112,Giordano,McGray,4,Human Resources,50
2284,Steffane,Castleton,46,Marketing,4
2823,Baxie,Deverell,68,Legal,96
2046,Josiah,Buckthought,99,Engineering,74
2401,Tamarah,Jessope,68,Support,90
2387,Johnnie,Klainer,29,Services,2
2930,Marian,Mawdsley,51,Human Resources,42
2023,Darrel,Ensley,75,Product Management,88
2899,Janetta,Clatworthy,16,Product Management,21
2660,Lee,Asty,30,Marketing,86
2968,Tildie,Killeen,37,Marketing,5
2486,Nickie,Gregoretti,62,Sales,95
2731,Aloysius,De Andreis,8,Training,69
2895,Rikki,Marklew,57,Research and Development,40
2660,Lanita,Eddowes,60,Marketing,34
2708,Constancia,Koschke,48,Engineering,65
2067,Stacy,Quayle,59,Support,64
2097,Bron,Asbrey,45,Support,75
2222,Irvin,Eyam,33,Marketing,99
2810,Maud,Mattocks,44,Training,42
2613,Stoddard,Mabbitt,41,Legal,45
2183,Genna,Pratton,92,Support,50
2633,Cortie,Hadland,86,Business Development,64
2761,Bertrand,MacCurlye,77,Business Development,96
2838,Sergeant,Greiser,87,Engineering,68
2531,Berget,Costa,52,Product Management,72
2767,Amos,Jeskin,24,Support,57
2448,Cassy,Lyosik,30,Sales,70
2914,Mendy,Chadderton,19,Accounting,95
2464,Arlena,Peckham,59,Human Resources,38
2668,Colin,Dael,77,Human Resources,12
2980,Vernice,Tuffey,93,Marketing,1
2753,Trever,Poulsum,97,Human Resources,91
2715,Debby,Quick,21,Engineering,40
2681,Nicolai,Livingstone,98,Human Resources,51
2945,Cathlene,Mitchard,76,Services,84
2391,Celestyn,Murrie,9,Marketing,66
2722,Elvis,Hartus,43,Business Development,92
2983,Cooper,Husthwaite,48,Legal,97
2205,Dyanne,Gemmill,52,Product Management,93
2960,Camilla,William,46,Services,98
2750,Opal,Sudddard,61,Engineering,56
2352,Ferdinand,Jakov,80,Product Management,34
2496,Griff,Jura,19,Training,47
2336,Graig,Baggiani,20,Sales,36
